[
  {
    "asset_id": "APR125D7361844448EEA00B10AAC9996",
    "asset_name": "Test company asset name 1",
    "domicile": "PQR",
    "currency": "GBP",
    "flag144a": "P",
    "region": "Shared",
    "region_id": "D4FDA14D5D5C4C9F92E7904B743361C9",
    "last_reference_date": "2018-01-01T10:00:20.021-05:00",
    "creation_date": "2018-01-01T10:00:20.021-05:00",
    "modification_date": "2018-01-01T10:00:20.021-05:00",
    "company_details": {
      "company_type": "ABC"
    },
    "entity_info": {
      "client_name": "ALD-DEMO",
      "network_mode": "BLUE",
      "origin_timestamp": "2018-01-01T10:00:20.021-05:00",
      "primary_data": true,
      "source": "INVEST",
       "modelVersion": "7.1.1",
      "referenceLevel": "COMPANY_ASSET_LEVEL"
    }
  },
  {
    "asset_name": "Test fund asset name 1",
    "asset_id": "BE9BDB3099604B56BFCDFC6A807F9996",
    "domicile": "GB",
    "currency": "GBP",
    "flag144a": "P",
    "management_company": "F86125D7361844448EEA00B10AAC9996",
    "region": "Shared",
    "region_id": "D4FDA14D5D5C4C9F92E7904B743361C9",
    "vehicle_size": 850000000,
    "creation_date": "2018-01-01T10:00:20.021-05:00",
    "modification_date": "2018-01-01T10:00:20.021-05:00",
    "fund_details": {
      "fund_name": "Ara Strategic Fund IV LP",
      "vintage_year": "2012",
      "fund_size": 850000000,
      "fund_currency": "GBP",
      "geography_focus": "EUROPE",
      "fund_close_date": "2018-01-01T10:00:20.021-05:00",
      "fund_expected_end_date": "2018-01-01T10:00:20.021-05:00",
      "fund_inception_date": "2018-01-01T10:00:20.021-05:00",
      "private_equity_fund": {
        "pe_sector_focus": "10000000"
      }
    },
    "entity_info": {
      "client_name": "ALD-DEMO",
      "network_mode": "BLUE",
      "origin_timestamp": "2018-01-01T10:00:20.021-05:00",
      "primary_data": true,
      "source": "INVEST",
       "modelVersion": "7.1.1",
      "referenceLevel": "FUND_ASSET_LEVEL"
    }
  }
]
