[{
    "bank_account_id": "BANKACCOUNT4448EEA00B10AAC99961",
    "bank_account": "Test BANK ACCOUNT",
    "currency": "GBP",
    "account_number": "ACCOUNTNUMBER420",
    "deleted": false,
    "linked": true,
    "type":"DDA",
    "linked_entity_detail": {
      "entity_type":"PORTFOLIO",
      "entity_id":"SHAJAN13ED5FF3676760A08BE3E3B0000011"
    },
    "entity_info": {
      "client_name": "DEV",
      "network_mode": "RED",
      "origin_timestamp": "2018-01-01T10:00:20.021-05:00",
      "primary_data": true,
      "source": "INVEST",
       "modelVersion": "8.1.12-SNAPSHOT",
      "referenceLevel": "PORTFOLIO_LEVEL"
    }
  }
,
 {
    "bank_account_id": "BANKACCOUNT4448EEA00B10AAC99961WRNGPT",
    "bank_account": "Test BANK ACCOUNT",
    "currency": "GBP",
    "account_number": "ACCOUNTNUMBER420",
    "deleted": false,
    "linked": true,
    "type":"DDA",
    "linked_entity_detail": {
      "entity_type":"PORTFOLIO",
      "entity_id":"PORTFOLIO4448EEA00B10AAC99961WRNGPT"
    },
    "entity_info": {
      "client_name": "DEV",
      "network_mode": "RED",
      "origin_timestamp": "2018-01-01T10:00:20.021-05:00",
      "primary_data": true,
      "source": "INVEST",
       "modelVersion": "8.1.12-SNAPSHOT",
      "referenceLevel": "PORTFOLIO_LEVEL"
    }
  }
]