
[{"bank_operation_id": "PMFDF00C0DA14441F3B43BC3CBB6C539DABLUE1X",
  "creationDate": "2005-06-10T15:28:36.413Z",
  "settleDate": "2021-02-16T15:28:36.413Z",
  "operation_currency": "EUR",
  "amount_op_currency": {
    "units": 111111
},
  "is_debit":true,
  "entity_currency": "EUR",
  "amount_entity_currency": {
    "units": 111111
  },
  "entity_bank_currency": "EUR",
  "amount_entity_bank_currency": {
    "units": 111111
  },
  "counterparty_currency": "EUR",
  "amount_counterparty_currency": {
    "units": 111111
  },
  "amount_counterparty_bank_currency": {
    "units": 111111
  },
  "entity_bank_account_id": "BANKACCOUNT4448EEA00B10AAC99961",
  "counterparty_bank_account_id": "BANKACCOUNT4448EEA00B10AAC999612",
  "modified_by": "7313ED99A6664690AE106188A7FAF883",
  "linked_entity_detail": {
    "entity_type": "ASSET",
    "entity_id": "POSTMANTESTPORTFOLIO1901",
    "entity_bank_account_id": "BANKACCOUNT4448EEA00B10AAC99961"
  },
  "linked_counterparty_detail": {
    "entity_type": "PORTFOLIO",
    "entity_id": "POSTMANTESTPORTFOLIORAJU10",
    "entity_bank_account_id": "BANKACCOUNT4448EEA00B10AAC999612"
  },

  "entity_info": {
    "model_version": "8.1.18-SNAPSHOT",
    "client_name": "DEV",
    "network_mode": "BLUE",
    "origin_timestamp": "2021-02-01T10:00:20.021-05:00",
    "primary_data": true,
    "source": "INVEST"
  },

  "entity_bank_account":{
    "entity_bank_account_id": "BANKACCOUNT4448EEA00B10AAC99961",
    "bank_account": "Test BANK ACCOUNT",
    "currency": "GBP",
    "account_number": "ACCOUNTNUMBER420",
    "bank_aladdin_name":"BANAME",
    "deleted": false,
    "linked": true,
    "type":"DDA",
    "linked_entity_detail": {
      "entity_type":"PORTFOLIO",
      "entity_id":"POSTMANTESTPORTFOLIORAJU10"
    },
    "entity_info": {
      "client_name": "DEV",
      "network_mode": "BLUE",
      "origin_timestamp": "2018-01-01T10:00:20.021-05:00",
      "primary_data": true,
      "source": "INVEST",
       "modelVersion": "8.1.12-SNAPSHOT",
      "referenceLevel": "PORTFOLIO_LEVEL"
    }
  },
  "counterparty_bank_account":{
    "entity_bank_account_id": "BANKACCOUNT4448EEA00B10AAC999612",
    "bank_account": "Test BANK ACCOUNT1",
    "currency": "GBP",
    "bank_aladdin_name":"BANAME",
    "account_number": "ACCOUNTNUMBER4201",
    "deleted": false,
    "linked": true,
    "type":"DDA",
    "linked_entity_detail": {
      "entity_type":"PORTFOLIO",
      "entity_id":"POSTMANTESTPORTFOLIO1901"
    },
    "entity_info": {
      "client_name": "DEV",
      "network_mode": "BLUE",
      "origin_timestamp": "2018-01-01T10:00:20.021-05:00",
      "primary_data": true,
      "source": "INVEST",
       "modelVersion": "8.1.12-SNAPSHOT",
      "referenceLevel": "PORTFOLIO_LEVEL"
    }
  }
}]