[
  {
    "email_list": [
      {
        "email": "LindsayBClinger@I005.com",
        "is_primary": true
      },
      {
        "email": "email2@aa.com",
        "is_primary": false
      },
      {
        "email": "email3@bb.com",
        "is_primary": false
      }
    ],
    "address_list": [],
    "phone_list": [
      {
        "phone": "Main Office",
        "type": "OFFICE",
        "is_primary": true
      },
      {
        "phone": "123",
        "type": "OFFICE_2",
        "is_primary": false
      },
      {
        "phone": "mobile",
        "type": "MOBILE",
        "is_primary": false
      },
      {
        "phone": "456",
        "type": "HOME",
        "is_primary": false
      },
      {
        "phone": "789",
        "type": "HOME_2",
        "is_primary": false
      },
      {
        "phone": "0123",
        "type": "OTHER",
        "is_primary": false
      },
      {
        "phone": "911111",
        "type": "MANAGERS_PHONE",
        "is_primary": false
      },
      {
        "phone": "4567",
        "type": "ASSISTANTS_PHONE",
        "is_primary": false
      }
    ],
    "contact_id": "D8D719DB5F494BC083B7AFB3240760DA",
    "last_name": "Clinger",
    "first_name": "Lindsay",
    "middle_name": "mi",
    "nick_name": "",
    "salutation": "Mrs",
    "date_of_birth": "",
    "primary_citizenship": "",
    "contact_type": "",
    "main_office_id": "",
    "suffix": "Jr",
    "assistants_name": "",
    "login_id": "",
    "department": "",
    "referred_by": "",
    "managers_name": "",
    "email_salutation": "",
    "letter_salutation": "",
    "skype": "",
    "twitter": "",
    "linkedin": "",
    "facebook": "",
    "birth_place_city": "",
    "receive_email_and_invoices": false,
    "modification_date_time": null,
    "entity_info": {
      "client_name": "BLACKROCK",
      "network_mode": "BLUE",
      "originTimestamp": "2020-06-08T10:00:20.021-05:00",
      "primary_data": false
    }
  },
  {
    "email_list": [
      {
        "email": "AnselDufresne@i001.com",
        "is_primary": true
      }
    ],
    "address_list": [],
    "phoneList": [],
    "contact_id": "8BDAC9EA60E74BA69123FAA50538D447",
    "last_name": "Dufresne",
    "first_name": "Ansel",
    "middle_name": "",
    "nick_name": "",
    "salutation": "Mr",
    "date_of_birth": "",
    "primary_citizenship": "",
    "contact_type": "",
    "main_office_id": "",
    "suffix": "",
    "assistants_name": "",
    "login_id": "",
    "department": "",
    "referred_by": "",
    "managers_name": "",
    "email_salutation": "",
    "letter_salutation": "",
    "skype": "",
    "twitter": "",
    "linkedin": "",
    "facebook": "",
    "birth_place_city": "",
    "receive_email_and_invoices": false,
    "modification_date_time": null,
    "entity_info": {
      "client_name": "BLACKROCK",
      "network_mode": "BLUE",
      "originTimestamp": "2020-06-08T10:00:20.021-05:00",
      "primary_data": false
    }
  },
  {
    "email_list": [
      {
        "email": "EmmaDubois@i001.com",
        "is_primary": true
      }
    ],
    "address_list": [],
    "phoneList": [],
    "contact_id": "2B9D48EF9EB0473591138CFDF3A1C46F",
    "last_name": "Dubois",
    "first_name": "Emma",
    "middle_name": "",
    "nick_name": "",
    "salutation": "Mrs",
    "date_of_birth": "",
    "primary_citizenship": "",
    "contact_type": "",
    "main_office_id": "",
    "suffix": "",
    "assistants_name": "",
    "login_id": "",
    "department": "",
    "referred_by": "",
    "managers_name": "",
    "email_salutation": "",
    "letter_salutation": "",
    "skype": "",
    "twitter": "",
    "linkedin": "",
    "facebook": "",
    "birth_place_city": "",
    "receive_email_and_invoices": false,
    "modification_date_time": null,
    "entity_info": {
      "client_name": "BLACKROCK",
      "network_mode": "BLUE",
      "originTimestamp": "2020-06-08T10:00:20.021-05:00",
      "primary_data": false
    }
  }
]