[{
  "company_id": "F86125D7361844448EEA00B10AAC9996",
  "reference_date": "2018-01-01T10:00:20.021-05:00",
  "operating_data_date": "2018-01-01T10:00:20.021-05:00",
  "reporting_currency": "GBP",
  "deal":"Fund ABC",
  "operating_data_type": "ACTUALS",
  "number_of_employees": 100,
  "frequency": "ANNUAL",

  "balance_sheet" : {
    "enterprise_value": 100.90,
    "total_equity_value": 88.9,
    "net_debt": 23.1
  },

  "income_statement" : {
    "revenue": 99.9
  },

  "entity_info": {
    "modelVersion": "7.1.1",
    "client_name": "BLACKROCK",
    "network_mode": "BLUE",
    "origin_timestamp": "2018-01-01T10:00:20.021-05:00",
    "primary_data": true,
    "source": "INVEST",
    "referenceLevel": "COMPANY_ASSET_LEVEL"
  }
}
]