[
    {
        "asset_id": "APR125D7361844448EEA00B10AAC9996",
        "asset_name": "Test company asset name 1",
        "domicile": "US",
        "currency": "GBP",
        "region": "Shared",
        "region_id": "D4FDA14D5D5C4C9F92E7904B743361C9",
        "last_reference_date": "2018-01-01T10:00:20.021-05:00",
        "creation_date": "2018-01-01T10:00:20.021-05:00",
        "modification_date": "2018-01-01T10:00:20.021-05:00",
        "instrument_details": [
            {
                "instrument_id": "INS5A14D5D5C4C9F92E7904B743361001",
                "instrument_name": "Test INstrument 1",
                "instrument_class": "LOANS",
                "instrument_type":"Common Equity",
                "instrument_currency": "EUR",
                "instrument_domicile": "US"
            },
            {
                "instrument_id": "INS5A14D5D5C4C9F92E7904B743361002",
                "instrument_name": "Test INstrument 2",
                "instrument_type": "Common Equity",
                "instrument_currency": "EUR"
            },
            {
                "instrument_id": "INS5A14D5D5C4C9F92E7904B743361003",
                "instrument_name": "Test INstrument 3",
                "instrument_class": "SHARES",
                "instrument_type": "Common Equity",
                "instrument_currency": "USD",
                "instrument_domicile": "AD"
            }
        ],
        "company_details": {
            "company_type": "PRIVATECOMPANY"
        },
        "entity_info": {
            "model_version": "8.0.0",
            "client_name": "ALD-DEMO",
            "network_mode": "RED",
            "origin_timestamp": "2018-01-01T10:00:20.021-05:00",
            "primary_data": true,
            "source": "INSIGHT",
            "referenceLevel": "COMPANY_LEVEL"
        }
    }
]