[ {
        "modification_date_time": "2020-08-24T17:37:14Z",
        "web": "www.abc-crm.com",
        "modified_by": "F8CAE368B8E947D48592D3ED5114C40D",
        "legal": {
            "fatca_details": {},
            "erisa_investor": true,
            "tax_identification": "23423555",
            "legal_name": "ABCCRM Corp",
            "tax_domicile_country": "US",
            "legal_domicile_country":"US"
        },
        "name": "ABC Investor crm",
        "access_rights": {
            "write": true,
            "delete": true,
            "new": true,
            "duplicate": true
        },
        "currency": "USD",
        "entity_info": {
            "primary_data": true,
            "model_version": "7.1.30",
            "origin_timestamp": "2020-08-24T17:39:37Z",
            "source": "INVEST",
            "client_name": "INVTST",
            "referenceLevel": "INVESTOR_LEVEL",
            "network_mode": "RED"
        },
        "investor_type": "ADMINISTRATIVE",
        "creation_date": "2020-08-24T17:35:50Z",
        "fundRaising": {},
        "investor_id": "45413E36T2t6eTwB6RRE31531C2D3B22",
        "company_id": "F5D981D7C1FB4FA0A632C7E159284333",
        "region": {
            "name": "Shared",
            "id": "ABC123423"
        },
        "short_code": "CRM-ABC"
    }]