[
  {
    "performance_id": "6591CB65B6C64E5CBBE0868FB03C0D37",
    "object_id": "RI28E66250084E50916MANUAG31FA011",
    "as_of_date": "2019-08-22T20:42:58.873Z",
    "net_irr": "0.0525",
    "net_tvpi": "1.0786003421932127",
    "cusip": "",
    "entity_info": {
      "client_name": "CARPA1A",
      "network_mode": "BLUE",
      "origin_timestamp": "2019-08-22T20:42:58.873Z",
      "primary_data": true,
      "source": "INSIGHT",
      "referenceLevel": "FUND_ASSET_LEVEL"
    }
  },
  {
    "performance_id": "ED5FF3D09A7D40A08BE3E3B5D1127191",
    "object_id": "ED5FF3D09A7D40A08BE3E3B5D1127191",
    "as_of_date": "2018-01-01T15:00:20.021Z",
    "net_irr": "0.1502",
    "net_tvpi": "1.7292798318295588",
    "entityInfo": {
      "clientName": "TRS",
      "networkMode": "BLUE",
      "referenceLevel": "PORTFOLIO_LEVEL",
      "originTimestamp": "2019-08-22T20:42:58.873Z",
      "primaryData": true
    }
  }
]