[
{
"portfolio_id": "SHAJAN11ED5FF3676760A08BE3E3B0000011",
"portfolio_name": "_Aladdin Portfolio 2",
"portfolio_code": 123441,
"ticker": "AP24",
"client_id": "19",
"portfolio_type": "TEST",
"currency": "USD",
"creation_date": "2018-01-01T10:00:20.021-05:00",
"modification_date": "2019-01-01T10:00:20.021-05:00",
"inception_date": "2017-02-25T10:00:20.021-05:00",
"entityInfo": {
"modelVersion": "5.1.2",
"clientName": "DEV",
"networkMode": "BLUE",
"originTimestamp": "2019-11-27T10:00:20.021-05:00",
"primaryData": true,
"source": "INVEST",
"reference_level": "PORTFOLIO_LEVEL"
}
}
]