[
  {
    "portfolio_id": "ED5FF3D09A7D40A08BE3E3B5D1127191",
    "asset_id": "BE9BDB3099604B56BFCDFC6A807F9996",
    "contribution": 100.0,
    "position_market_value": 200.0,
    "original_commitment": 1000.0,
    "remaining_commitment": 900.0,
    "distribution": 100.4,
    "recallable_distribution": 10.0,
    "net_nav": 100.0,
    "investment": 100.5,
    "investor_currency": "USD",
    "current_ownership": 0.5,
    "possible_extension_years": 0,
    "management_fees": 1.0,
    "investment_id": "F439A1962A964E989EA0DCBB93EDEC3C",
    "investment_close_date": "2019-02-01T10:00:20.021-05:00",
    "investment_exit_date": "2019-02-01T10:00:20.021-05:00",
    "last_reference_date": "2019-02-01T10:00:20.021-05:00",
    "creation_date": "2019-02-01T10:00:20.021-05:00",
    "modification_date": "2019-02-01T10:00:20.021-05:00",
    "region_id": "CBAF8AC98E7C449790CFFC6B7E3240CA",
    "portfolio_name": "Alshat Fund",
    "entity_info": {
      "client_name": "ALD-DEMO",
      "network_mode": "BLUE",
      "primary_data": "true",
      "source": "INSIGHT",
      "referenceLevel": "PORTFOLIO_LEVEL"
    }
  },
  {
    "portfolio_id": "BE9BDB3099604B56BFCDFC6A807F9996",
    "asset_id": "F86125D7361844448EEA00B10AAC9996",
    "contribution": 100.0,
    "position_market_value": 200.0,
    "original_commitment": 1000.0,
    "remaining_commitment": 900.0,
    "distribution": 100.4,
    "recallable_distribution": 10.0,
    "net_nav": 100.0,
    "investment": 100.5,
    "investor_currency": "USD",
    "current_ownership": 0.5,
    "possible_extension_years": 0,
    "management_fees": 1.0,
    "investment_id": "F439A1962A964E989EA0DCBB93EDEC65",
    "investment_close_date": "2019-02-01T10:00:20.021-05:00",
    "investment_exit_date": "2019-02-01T10:00:20.021-05:00",
    "last_reference_date": "2019-02-01T10:00:20.021-05:00",
    "creation_date": "2019-02-01T10:00:20.021-05:00",
    "modification_date": "2019-02-01T10:00:20.021-05:00",
    "region_id": "CBAF8AC98E7C449790CFFC6B7E3240CA",
    "portfolio_name": "Alshat Fund",
    "entity_info": {
      "client_name": "ALD-DEMO",
      "network_mode": "BLUE",
      "primary_data": "true",
      "source": "INSIGHT",
      "referenceLevel": "FUND_ASSET_LEVEL"
    }
  }
]