<?xml version="1.0" encoding="UTF-8"?>
<beans xmlns="http://www.springframework.org/schema/beans"
       xmlns:xsi="http://www.w3.org/2001/XMLSchema-instance"
       xmlns:int="http://www.springframework.org/schema/integration"
       xsi:schemaLocation="
            http://www.springframework.org/schema/beans https://www.springframework.org/schema/beans/spring-beans.xsd
            http://www.springframework.org/schema/integration https://www.springframework.org/schema/integration/spring-integration.xsd">
    <import resource="classpath:integration/spring.xml"/>

    <int:channel id="companyLinkedEntityGathererChannel"/>
    <int:channel id="createCoreCompanyChannel"/>
    <int:channel id="companyLinkedEntityResponseChannel"/>
    <int:publish-subscribe-channel id="companyProcessInitChannel"/>
    <int:publish-subscribe-channel id="companyProcessConfirmationChannel"/>
    <int:publish-subscribe-channel id="processCoreCompanyLinkedEntityChannel" apply-sequence="true"/>
    <!--Company CRM Integration-->
    <int:gateway id="companyProcessingGateway"
                 service-interface="com.bfm.aap.privatemarkets.crm.loader.integration.gateway.CompanyProcessingGateway"
                 default-request-channel="companyProcessInitChannel"
                 default-reply-channel="companyProcessConfirmationChannel"
                 error-channel="errorChannel"/>

    <!--transform->ThirdPartyLookup->-->
    <int:chain input-channel="companyProcessInitChannel" output-channel="processCoreCompanyLinkedEntityChannel">
        <int:transformer ref="coreCompanyTransformer"/>
        <int:service-activator ref="companyCRMCoreService" method="populateCRMEntityId"/>
        <int:header-enricher>
            <int:header name="user" expression="payload.getUser()"/>
        </int:header-enricher>
        <!--Branching out for create flow-->
        <int:filter discard-channel="createCoreCompanyChannel"
                    expression="payload.getOrgEntity().getEntityId() gt 0"/>
        <!--Update Flow-->
        <int:service-activator ref="companyCRMCoreService" method="handleCoreCompanyUpdate"/>
        <int:header-enricher>
            <int:header name="operation" value="update"/>
        </int:header-enricher>
    </int:chain>

    <int:chain input-channel="createCoreCompanyChannel" output-channel="processCoreCompanyLinkedEntityChannel">
        <int:header-enricher>
            <int:header name="operation" value="create"/>
        </int:header-enricher>
        <int:service-activator ref="companyCRMCoreService" method="handleCoreCompanyCreate"/>
    </int:chain>

    <int:aggregator input-channel="companyLinkedEntityGathererChannel"
                    output-channel="companyProcessConfirmationChannel"
                    ref="orgAggregatorService" method="composeEndpointResponse"
                    release-strategy="releaseStrategyService" release-strategy-method="checkCompanyCompletion"
                    expire-groups-upon-completion="true"/>

    <!--Alias start-->
    <int:splitter
            ref="aliasSplitter"
            method="splitAndPublishCompanyAliases"
            input-channel="processCoreCompanyLinkedEntityChannel"
            output-channel="aliasOperationBasedRouter"/>

    <int:header-value-router input-channel="aliasOperationBasedRouter" header-name="operation">
        <int:mapping value="create" channel="aliasCreateChannel"/>
        <int:mapping value="update" channel="aliasUpdateChannel"/>
    </int:header-value-router>
    <int:service-activator input-channel="aliasCreateChannel" output-channel="aliasAggregator"
                           ref="dependentEntityService" method="createOrgAlias"/>
    <int:service-activator input-channel="aliasUpdateChannel" output-channel="aliasAggregator"
                           ref="dependentEntityService" method="handleOrgAliasUpdate"/>

    <int:aggregator input-channel="aliasAggregator" output-channel="companyLinkedEntityGathererChannel"
                    ref="orgAggregatorService" method="aggregateAndPublish"></int:aggregator>
    <!--Alias End-->
    <!--Address start-->
    <!--<int:splitter
            ref="addressSplitter"
            method="splitAndPublishCompanyAddress"
            input-channel="processCoreCompanyLinkedEntityChannel"
            output-channel="companyAddressOperationBasedRouter"/>

    <int:header-value-router input-channel="companyAddressOperationBasedRouter" header-name="operation">
        <int:mapping value="create" channel="companyAddressCreateChannel"/>
        <int:mapping value="update" channel="companyAddressUpdateChannel"/>
    </int:header-value-router>

    <int:chain input-channel="companyAddressUpdateChannel" output-channel="companyAddressAggregator">
        <int:service-activator ref="dependentEntityService" method="populateAddressCRMEntityId"/>
        <int:filter discard-channel="companyAddressCreateChannel"
                    expression="payload.getCrmAddress().getAddressId() gt 0"/>
        <int:service-activator ref="dependentEntityService" method="handleAddressUpdate"/>
    </int:chain>


    <int:service-activator input-channel="companyAddressCreateChannel" output-channel="companyAddressAggregator"
                           ref="dependentEntityService" method="createCRMAddress"/>
    <int:aggregator input-channel="companyAddressAggregator" output-channel="companyLinkedEntityGathererChannel"
                    ref="orgAggregatorService" method="aggregateAndPublish"></int:aggregator>-->
    <!--Address End-->
    <!--Electronic Address start-->
    <int:splitter
            ref="emailSplitter"
            method="splitAndPublishCompanyElectronicAddress"
            input-channel="processCoreCompanyLinkedEntityChannel"
            output-channel="companyEmailsOperationBasedRouter"/>

    <int:header-value-router input-channel="companyEmailsOperationBasedRouter" header-name="operation">
        <int:mapping value="create" channel="companyEmailCreateChannel"/>
        <int:mapping value="update" channel="companyEmailUpdateChannel"/>
    </int:header-value-router>

    <!--No Third Party mapping for Email as they don't have IDs in eFront-->
    <int:service-activator ref="dependentEntityService" method="createElectronicAddress"
                           input-channel="companyEmailCreateChannel"
                           output-channel="companyAggregatorElectronicAddressChannel"/>
    <int:service-activator ref="dependentEntityService" method="handleElectronicAddressUpdate"
                           input-channel="companyEmailUpdateChannel"
                           output-channel="companyAggregatorElectronicAddressChannel"/>

    <int:aggregator ref="orgAggregatorService" method="aggregateAndPublish"
                    input-channel="companyAggregatorElectronicAddressChannel"
                    output-channel="companyLinkedEntityGathererChannel">
    </int:aggregator>
    <!--Electronic Address end-->
    <!--EntityAttributes Start-->
    <int:service-activator input-channel="processCoreCompanyLinkedEntityChannel"
                           output-channel="companyEntityAttributeOperationBasedRouter" ref="entityAttributeService"
                           method="translateToCRMMessage"/>
    <int:header-value-router input-channel="companyEntityAttributeOperationBasedRouter" header-name="operation">
        <int:mapping value="create" channel="companyEntityAttributeCreateChannel"/>
        <int:mapping value="update" channel="companyEntityAttributeUpdateChannel"/>
    </int:header-value-router>
    <!--No Third Party mapping for EntityAttributes as they don't have IDs in eFront-->
    <int:service-activator input-channel="companyEntityAttributeCreateChannel"
                           output-channel="composeCompEntityAttributeResponseChannel" ref="entityAttributeService"
                           method="handleEntityAttributeCreate"/>
    <int:service-activator input-channel="companyEntityAttributeUpdateChannel"
                           output-channel="composeCompEntityAttributeResponseChannel" ref="entityAttributeService"
                           method="handleEntityAttributeUpdate"/>
    <int:service-activator ref="orgAggregatorService" method="aggregateAndPublishSingleResponse"
                           input-channel="composeCompEntityAttributeResponseChannel"
                           output-channel="companyLinkedEntityGathererChannel"/>
    <!--EntityAttributes End-->

    <!--Company Contact relationship Start-->
    <!--Employer-employee relationship syn is turned off (AFA-11515)-->
    <!--    <int:chain input-channel="processCoreCompanyLinkedEntityChannel" output-channel="companyLinkedEntityGathererChannel">-->
    <!--        <int:service-activator ref="dependentEntityService" method="handleCompanyContactRelationshipCreateOrUpdate"/>-->
    <!--        <int:service-activator ref="orgAggregatorService" method="aggregateAndPublishSingleResponse"/>-->
    <!--    </int:chain>-->
    <!--Company Contact relationship End-->
    <!--Company Company relationship Start-->
    <int:chain input-channel="processCoreCompanyLinkedEntityChannel"
               output-channel="companyLinkedEntityGathererChannel">
        <int:service-activator ref="dependentEntityService"
                               method="handleCompanyToParentCompanyRelationshipCreateOrUpdate"/>
        <int:service-activator ref="orgAggregatorService" method="aggregateAndPublishSingleResponse"/>
    </int:chain>
    <!--Company Company relationship End-->
    <!--Company Subsidiary relationship Start-->
    <int:chain input-channel="processCoreCompanyLinkedEntityChannel"
               output-channel="companyLinkedEntityGathererChannel">
        <int:service-activator ref="dependentEntityService"
                               method="handleCompanyToSubsidiaryCompanyRelationshipCreateOrUpdate"/>
        <int:service-activator ref="orgAggregatorService" method="aggregateAndPublishSingleResponse"/>
    </int:chain>
    <!--Company Subsidiary relationship End-->

    <!--Company Desc Start-->
    <int:chain input-channel="processCoreCompanyLinkedEntityChannel"
               output-channel="companyLinkedEntityGathererChannel">
        <int:service-activator ref="dependentEntityService" method="handleCompanyDescCreateOrUpdate"/>
        <int:service-activator ref="orgAggregatorService" method="aggregateAndPublishSingleResponse"/>
    </int:chain>
    <!--Company Desc End-->
    <!--Permission mapping start-->
    <int:header-value-router input-channel="processCoreCompanyLinkedEntityChannel" header-name="operation">
        <int:mapping value="create" channel="regionPermissionOrgCreateChannel"/>
        <int:mapping value="update" channel="regionPermissionOrgUpdateChannel"/>
    </int:header-value-router>
    <int:chain input-channel="regionPermissionOrgCreateChannel" output-channel="companyLinkedEntityGathererChannel">
        <int:service-activator
                expression="@permRegionService.createPermissionGroupFromRegion(payload.getOrgEntity().getEntityId(), 'COMPANY',payload.getCompany().getRegion().getId(),payload.getUser())"/>
        <int:service-activator ref="orgAggregatorService" method="aggregateAndPublishSingleResponse"/>
    </int:chain>
    <int:chain input-channel="regionPermissionOrgUpdateChannel" output-channel="companyLinkedEntityGathererChannel">
        <int:service-activator
                expression="@permRegionService.updatePermissionGroupFromRegion(payload.getOrgEntity().getEntityId(), 'COMPANY',payload.getCompany().getRegion().getId(),payload.getUser())"/>
        <int:service-activator ref="orgAggregatorService" method="aggregateAndPublishSingleResponse"/>
    </int:chain>
    <!--Permission mapping end-->


</beans>