<?xml version="1.0" encoding="UTF-8"?>
<beans xmlns="http://www.springframework.org/schema/beans"
       xmlns:xsi="http://www.w3.org/2001/XMLSchema-instance"
       xmlns:int="http://www.springframework.org/schema/integration"
       xsi:schemaLocation="
            http://www.springframework.org/schema/beans https://www.springframework.org/schema/beans/spring-beans.xsd
            http://www.springframework.org/schema/integration https://www.springframework.org/schema/integration/spring-integration.xsd">
    <import resource="classpath:integration/spring.xml"/>

    <int:publish-subscribe-channel id="companyInverseConfirmationChannel"/>
    <int:publish-subscribe-channel id="companyInverseProcessInitChannel"/>
    <int:publish-subscribe-channel id="processCoreContactLinkedEntityChannel" apply-sequence="true"/>
    <int:publish-subscribe-channel id="linkedEntityGathererChannel"/>
    <!--Company CRM Integration-->
    <int:gateway id="companyInverseProcessingGateway"
                 service-interface="com.bfm.aap.privatemarkets.crm.loader.integration.gateway.CompanyInverseProcessingGateway"
                 default-request-channel="companyInverseProcessInitChannel"
                 default-reply-channel="companyInverseConfirmationChannel"
                 error-channel="errorChannel">
    </int:gateway>

    <int:chain input-channel="companyInverseProcessInitChannel" output-channel="companyInverseConfirmationChannel">
        <int:service-activator ref="companyCRMCoreService" method="populateEfrontCompany"/>
        <int:service-activator ref="coreCompanyInverseTransformerServiceImpl" method="transform"/>
        <int:service-activator ref="addressInverseService" method="translateToEfrontAddress"/>
        <int:service-activator ref="aliasInverseService" method="translateToEfrontAliases"/>
        <int:service-activator ref="entityAttributeInverseService" method="getEntityAttributesAndUpdateEfrontCompany"/>
    </int:chain>
</beans>