<?xml version="1.0" encoding="UTF-8"?>
<beans xmlns="http://www.springframework.org/schema/beans"
       xmlns:xsi="http://www.w3.org/2001/XMLSchema-instance"
       xmlns:int="http://www.springframework.org/schema/integration"
       xsi:schemaLocation="
            http://www.springframework.org/schema/beans https://www.springframework.org/schema/beans/spring-beans.xsd
            http://www.springframework.org/schema/integration https://www.springframework.org/schema/integration/spring-integration.xsd">
    <import resource="classpath:integration/spring.xml"/>

    <int:publish-subscribe-channel id="contactInverseConfirmationChannel"/>
    <int:publish-subscribe-channel id="contactInverseProcessInitChannel"/>
    <!--Contact CRM Integration-->
    <int:gateway id="contactInverseProcessingGateway"
                 default-request-channel="contactInverseProcessInitChannel"
                 default-reply-channel="contactInverseConfirmationChannel"
                 service-interface="com.bfm.aap.privatemarkets.crm.loader.integration.gateway.ContactInverseProcessingGateway"
                 error-channel="errorChannel">
    </int:gateway>

    <!--Contact CRM Integration - BEGIN-->
    <int:chain input-channel="contactInverseProcessInitChannel" output-channel="contactInverseConfirmationChannel">
        <int:service-activator ref="contactCRMCoreService" method="populateEfrontContact"/>
        <int:service-activator ref="coreContactInverseTransformerServiceImpl" method="transform"/>
        <int:service-activator ref="aliasInverseService" method="translateToEfrontAliases"/>
        <int:service-activator ref="entityAttributeInverseService" method="getEntityAttributesAndUpdateEfrontContact"/>
    </int:chain>
    <!--Contact CRM Integration - END-->
</beans>