<?xml version="1.0" encoding="UTF-8"?>
<beans xmlns="http://www.springframework.org/schema/beans"
       xmlns:xsi="http://www.w3.org/2001/XMLSchema-instance"
       xmlns:int="http://www.springframework.org/schema/integration"
       xsi:schemaLocation="
            http://www.springframework.org/schema/beans https://www.springframework.org/schema/beans/spring-beans.xsd
            http://www.springframework.org/schema/integration https://www.springframework.org/schema/integration/spring-integration.xsd">
    <import resource="classpath:integration/spring.xml"/>

    <int:publish-subscribe-channel id="contactConfirmationChannel"/>
    <int:publish-subscribe-channel id="contactProcessInitChannel"/>
    <int:publish-subscribe-channel id="processCoreContactLinkedEntityChannel" apply-sequence="true"/>
    <int:publish-subscribe-channel id="linkedEntityGathererChannel"/>
    <!--Contact CRM Integration-->
    <int:gateway id="contactProcessingGateway"
                 default-request-channel="contactProcessInitChannel"
                 default-reply-channel="contactConfirmationChannel"
                 service-interface="com.bfm.aap.privatemarkets.crm.loader.integration.gateway.ContactProcessingGateway"
                 error-channel="errorChannel"/>

    <int:chain input-channel="contactProcessInitChannel" output-channel="processCoreContactLinkedEntityChannel">
        <int:transformer ref="coreContactTransformer"/>
        <int:service-activator ref="contactCRMCoreService" method="populateCRMEntityId"/>
        <int:header-enricher>
            <int:header name="user" expression="payload.getUser()"/>
        </int:header-enricher>
        <!--Branching out for create flow-->
        <int:filter discard-channel="createCoreContactChannel"
                    expression="payload.getCrmContact().getEntityId() gt 0"/>
        <!--Update Flow-->
        <int:service-activator ref="contactCRMCoreService" method="handleCoreContactUpdate"/>
        <int:header-enricher>
            <int:header name="operation" value="update"/>
        </int:header-enricher>
    </int:chain>
    <int:chain input-channel="createCoreContactChannel" output-channel="processCoreContactLinkedEntityChannel">
        <int:header-enricher>
            <int:header name="operation" value="create"/>
        </int:header-enricher>
        <int:service-activator ref="contactCRMCoreService" method="handleCoreContactCreate"/>
    </int:chain>


    <int:aggregator input-channel="linkedEntityGathererChannel" output-channel="contactConfirmationChannel"
                    ref="contactAggregatorService" method="composeEndpointResponse"
                    release-strategy="releaseStrategyService" release-strategy-method="checkContactCompletion"
                    expire-groups-upon-completion="true"/>

    <!--Address Integration start-->
    <int:channel id="contactAddressUpdateChannel"/>
    <int:channel id="addressCreateChannel"/>
    <int:channel id="addressAggregator"/>
    <int:channel id="addressProcessResponseChannel"/>
    <!--Address Processor Channel-->
    <!--<int:splitter
            ref="addressSplitter"
            method="splitAndPublishContactAddress"
            input-channel="processCoreContactLinkedEntityChannel"
            output-channel="addressOperationBasedRouter"/>

    <int:header-value-router input-channel="addressOperationBasedRouter" header-name="operation">
        <int:mapping value="create" channel="addressCreateChannel"/>
        <int:mapping value="update" channel="contactAddressUpdateChannel"/>
    </int:header-value-router>

    <int:chain input-channel="contactAddressUpdateChannel" output-channel="addressAggregator">
        <int:service-activator ref="dependentEntityService" method="populateAddressCRMEntityId"/>
        <int:filter discard-channel="addressCreateChannel"
                    expression="payload.getCrmAddress().getAddressId()!=0 and payload.getCrmAddress().getAddressId()!=-1"/>
        <int:service-activator ref="dependentEntityService" method="handleAddressUpdate"/>
    </int:chain>

    <int:service-activator input-channel="addressCreateChannel" output-channel="addressAggregator"
                           ref="dependentEntityService" method="createCRMAddress"/>
    <int:aggregator input-channel="addressAggregator" output-channel="linkedEntityGathererChannel"
                    ref="contactAggregatorService" method="aggregateAndPublish"></int:aggregator>-->
    <!--Address Integration end-->

    <!--Email Processor Channel start-->
    <int:channel id="emailCreateChannel"/>
    <int:channel id="emailUpdateChannel"/>
    <int:channel id="emailProcessCompletionChannel"/>
    <int:splitter
            ref="emailSplitter"
            method="splitAndPublishContactElectronicAddress"
            input-channel="processCoreContactLinkedEntityChannel"
            output-channel="emailsOperationBasedRouter"/>

    <int:header-value-router input-channel="emailsOperationBasedRouter" header-name="operation">
        <int:mapping value="create" channel="emailCreateChannel"/>
        <int:mapping value="update" channel="emailUpdateChannel"/>
    </int:header-value-router>

    <!--No Third Party mapping for Email as they don't have IDs in eFront-->
    <int:service-activator ref="dependentEntityService" method="createElectronicAddress"
                           input-channel="emailCreateChannel"
                           output-channel="aggregatorElectronicAddressChannel"/>
    <int:service-activator ref="dependentEntityService" method="handleElectronicAddressUpdate"
                           input-channel="emailUpdateChannel" output-channel="aggregatorElectronicAddressChannel"/>

    <int:aggregator input-channel="aggregatorElectronicAddressChannel" output-channel="linkedEntityGathererChannel"
                    ref="contactAggregatorService" method="aggregateAndPublish"></int:aggregator>
    <!--Email Processor Channel end-->

    <!--Entity Attribute Processor start-->
    <int:channel id="entityAttributeCreateChannel"/>
    <int:channel id="entityAttributeUpdateChannel"/>
    <int:channel id="composeEntityAttributeAddResponseChannel"/>


    <int:service-activator input-channel="processCoreContactLinkedEntityChannel"
                           output-channel="entityAttributeOperationBasedRouter" ref="entityAttributeService"
                           method="translateToCRMMessage"/>
    <int:header-value-router input-channel="entityAttributeOperationBasedRouter" header-name="operation">
        <int:mapping value="create" channel="entityAttributeCreateChannel"/>
        <int:mapping value="update" channel="entityAttributeUpdateChannel"/>
    </int:header-value-router>
    <!--No Third Party mapping for EntityAttributes as they don't have IDs in eFront-->
    <int:service-activator input-channel="entityAttributeCreateChannel"
                           output-channel="composeEntityAttributeAddResponseChannel" ref="entityAttributeService"
                           method="handleEntityAttributeCreate"/>
    <int:service-activator input-channel="entityAttributeUpdateChannel"
                           output-channel="composeEntityAttributeAddResponseChannel" ref="entityAttributeService"
                           method="handleEntityAttributeUpdate"/>
    <int:service-activator input-channel="composeEntityAttributeAddResponseChannel"
                           output-channel="linkedEntityGathererChannel"
                           ref="contactAggregatorService" method="aggregateAndPublishSingleResponse"/>
    <!--Entity Attribute Processor end-->
    <!--Company Contact relationship Start-->
    <int:chain input-channel="processCoreContactLinkedEntityChannel" output-channel="linkedEntityGathererChannel">
        <int:service-activator ref="dependentEntityService" method="handleContactCompanyRelationshipCreateOrUpdate"/>
        <int:service-activator ref="contactAggregatorService" method="aggregateAndPublishSingleResponse"/>
    </int:chain>
    <!--Company Contact relationship End-->
    <!--Permission mapping start-->
    <int:header-value-router input-channel="processCoreContactLinkedEntityChannel" header-name="operation">
        <int:mapping value="create" channel="regionPermissionCreateChannel"/>
        <int:mapping value="update" channel="regionPermissionUpdateChannel"/>
    </int:header-value-router>
    <int:chain input-channel="regionPermissionCreateChannel" output-channel="linkedEntityGathererChannel">
        <int:service-activator
                expression="@permRegionService.createPermissionGroupFromRegion(payload.getCrmContact().getEntityId(), 'CONTACT','',payload.getUser())" />
        <int:service-activator ref="contactAggregatorService" method="aggregateAndPublishSingleResponse"/>
    </int:chain>
    <int:chain input-channel="regionPermissionUpdateChannel" output-channel="linkedEntityGathererChannel">
        <int:service-activator
                expression="@permRegionService.updatePermissionGroupFromRegion(payload.getCrmContact().getEntityId(), 'CONTACT','',payload.getUser())" />
        <int:service-activator ref="contactAggregatorService" method="aggregateAndPublishSingleResponse"/>
    </int:chain>
    <!--Permission mapping end-->
</beans>