<?xml version="1.0" encoding="UTF-8"?>
<beans xmlns="http://www.springframework.org/schema/beans"
       xmlns:xsi="http://www.w3.org/2001/XMLSchema-instance"
       xmlns:int="http://www.springframework.org/schema/integration"
       xsi:schemaLocation="
            http://www.springframework.org/schema/beans https://www.springframework.org/schema/beans/spring-beans.xsd
            http://www.springframework.org/schema/integration https://www.springframework.org/schema/integration/spring-integration.xsd">
    <import resource="classpath:integration/spring.xml"/>

    <int:publish-subscribe-channel id="investorInverseConfirmationChannel"/>
    <int:publish-subscribe-channel id="investorInverseProcessInitChannel"/>
    <!--Investor CRM Integration-->
    <int:gateway id="investorInverseProcessingGateway"
                 default-request-channel="investorInverseProcessInitChannel"
                 default-reply-channel="investorInverseConfirmationChannel"
                 service-interface="com.bfm.aap.privatemarkets.crm.loader.integration.gateway.InvestorInverseProcessingGateway"
                 error-channel="errorChannel">
    </int:gateway>

    <int:chain input-channel="investorInverseProcessInitChannel" output-channel="investorInverseConfirmationChannel">
        <int:service-activator ref="investorCRMCoreService" method="populateEfrontInvestor"/>
        <int:service-activator ref="coreInvestorInverseTransformerServiceImpl" method="transform"/>
        <int:service-activator ref="addressInverseService" method="translateToEfrontAddress"/>
        <int:service-activator ref="aliasInverseService" method="translateToEfrontAliases"/>
        <int:service-activator ref="notesInverseService" method="translateToEfrontNotes"/>
        <int:service-activator ref="entityAttributeInverseService" method="getEntityAttributesAndUpdateEfrontInvestor"/>
    </int:chain>
</beans>