<?xml version="1.0" encoding="UTF-8"?>
<beans xmlns="http://www.springframework.org/schema/beans"
       xmlns:xsi="http://www.w3.org/2001/XMLSchema-instance"
       xmlns:int="http://www.springframework.org/schema/integration"
       xsi:schemaLocation="
            http://www.springframework.org/schema/beans https://www.springframework.org/schema/beans/spring-beans.xsd
            http://www.springframework.org/schema/integration https://www.springframework.org/schema/integration/spring-integration.xsd">
    <import resource="classpath:integration/spring.xml"/>

    <int:publish-subscribe-channel id="investorProcessInitChannel"/>
    <int:publish-subscribe-channel id="investorProcessConfirmationChannel"/>
    <int:publish-subscribe-channel id="processCoreInvestorLinkedEntityChannel" apply-sequence="true"/>
    <int:publish-subscribe-channel id="investorLinkedEntityGathererChannel"/>

    <int:gateway id="InvestorProcessingGateway"
                 service-interface="com.bfm.aap.privatemarkets.crm.loader.integration.gateway.InvestorProcessingGateway"
                 default-request-channel="investorProcessInitChannel"
                 default-reply-channel="investorProcessConfirmationChannel"
                 error-channel="errorChannel"/>

    <int:chain input-channel="investorProcessInitChannel" output-channel="processCoreInvestorLinkedEntityChannel">
        <int:transformer ref="coreInvestorTransformer"/>
        <int:service-activator ref="investorCRMCoreService" method="populateCRMEntityId"/>
        <int:header-enricher>
            <int:header name="user" expression="payload.getUser()"/>
        </int:header-enricher>
        <int:filter discard-channel="createCoreInvestorChannel"
                    expression="payload.getOrgEntity().getEntityId() ge 0"/>
        <int:service-activator ref="investorCRMCoreService" method="handleCoreInvestorUpdate"/>
        <int:header-enricher>
            <int:header name="operation" value="update"/>
        </int:header-enricher>
    </int:chain>

    <int:chain input-channel="createCoreInvestorChannel" output-channel="processCoreInvestorLinkedEntityChannel">
        <int:header-enricher>
            <int:header name="operation" value="create"/>
        </int:header-enricher>
        <int:service-activator ref="investorCRMCoreService" method="handleCoreInvestorCreate"/>
    </int:chain>

    <int:aggregator input-channel="investorLinkedEntityGathererChannel"
                    output-channel="investorProcessConfirmationChannel"
                    ref="orgAggregatorService" method="composeEndpointResponse"
                    release-strategy="releaseStrategyService" release-strategy-method="checkInvestorCompletion"
                    expire-groups-upon-completion="true"/>

    <!--1. Alias start-->
    <int:splitter
            ref="aliasSplitter"
            method="splitAndPublishInvestorAliases"
            input-channel="processCoreInvestorLinkedEntityChannel"
            output-channel="aliasOperationBasedRouter"/>

    <int:header-value-router input-channel="aliasOperationBasedRouter" header-name="operation">
        <int:mapping value="create" channel="aliasCreateInvestorChannel"/>
        <int:mapping value="update" channel="aliasUpdateInvestorChannel"/>
    </int:header-value-router>
    <int:service-activator input-channel="aliasCreateInvestorChannel" output-channel="aliasInvestorAggregator"
                           ref="dependentEntityService" method="createOrgAlias"/>
    <int:service-activator input-channel="aliasUpdateInvestorChannel" output-channel="aliasInvestorAggregator"
                           ref="dependentEntityService" method="handleOrgAliasUpdate"/>

    <int:aggregator input-channel="aliasInvestorAggregator" output-channel="investorLinkedEntityGathererChannel"
                    ref="orgAggregatorService" method="aggregateAndPublish"/>
    <!--Alias End-->
    <!--2. Electronic Address start-->
    <int:splitter
            ref="emailSplitter"
            method="splitAndPublishInvestorElectronicAddress"
            input-channel="processCoreInvestorLinkedEntityChannel"
            output-channel="investorEmailsOperationBasedRouter"/>

    <int:header-value-router input-channel="investorEmailsOperationBasedRouter" header-name="operation">
        <int:mapping value="create" channel="investorEmailCreateChannel"/>
        <int:mapping value="update" channel="investorEmailUpdateChannel"/>
    </int:header-value-router>

    <int:service-activator ref="dependentEntityService" method="createElectronicAddress"
                           input-channel="investorEmailCreateChannel"
                           output-channel="investorAggregatorElectronicAddressChannel"/>
    <int:service-activator ref="dependentEntityService" method="handleElectronicAddressUpdate"
                           input-channel="investorEmailUpdateChannel"
                           output-channel="investorAggregatorElectronicAddressChannel"/>

    <int:aggregator ref="orgAggregatorService" method="aggregateAndPublish"
                    input-channel="investorAggregatorElectronicAddressChannel"
                    output-channel="investorLinkedEntityGathererChannel">
    </int:aggregator>
    <!--Electronic Address end-->
    <!--3. Address start-->
   <!-- <int:splitter
            ref="addressSplitter"
            method="splitAndPublishInvestorAddress"
            input-channel="processCoreInvestorLinkedEntityChannel"
            output-channel="investorAddressOperationBasedRouter"/>

    <int:header-value-router input-channel="investorAddressOperationBasedRouter" header-name="operation">
        <int:mapping value="create" channel="investorAddressCreateChannel"/>
        <int:mapping value="update" channel="investorAddressUpdateChannel"/>
    </int:header-value-router>

    <int:chain input-channel="investorAddressUpdateChannel" output-channel="investorAddressAggregator">
        <int:service-activator ref="dependentEntityService" method="populateAddressCRMEntityId"/>
        <int:filter discard-channel="investorAddressCreateChannel"
                    expression="payload.getCrmAddress().getAddressId() gt 0"/>
        <int:service-activator ref="dependentEntityService" method="handleAddressUpdate"/>
    </int:chain>


    <int:service-activator input-channel="investorAddressCreateChannel" output-channel="investorAddressAggregator"
                           ref="dependentEntityService" method="createCRMAddress"/>
    <int:aggregator input-channel="investorAddressAggregator" output-channel="investorLinkedEntityGathererChannel"
                    ref="orgAggregatorService" method="aggregateAndPublish"></int:aggregator>-->
    <!--Address End-->

    <!--4. EntityAttributes Start-->
    <int:service-activator input-channel="processCoreInvestorLinkedEntityChannel"
                           output-channel="investorEntityAttributeOperationBasedRouter" ref="entityAttributeService"
                           method="translateToCRMMessage"/>
    <int:header-value-router input-channel="investorEntityAttributeOperationBasedRouter" header-name="operation">
        <int:mapping value="create" channel="investorEntityAttributeCreateChannel"/>
        <int:mapping value="update" channel="investorEntityAttributeUpdateChannel"/>
    </int:header-value-router>
    <int:service-activator input-channel="investorEntityAttributeCreateChannel"
                           output-channel="composeCompEntityAttributeResponseChannel" ref="entityAttributeService"
                           method="handleEntityAttributeCreate"/>
    <int:service-activator input-channel="investorEntityAttributeUpdateChannel"
                           output-channel="composeCompEntityAttributeResponseChannel" ref="entityAttributeService"
                           method="handleEntityAttributeUpdate"/>
    <int:service-activator ref="orgAggregatorService" method="aggregateAndPublishSingleResponse"
                           input-channel="composeCompEntityAttributeResponseChannel"
                           output-channel="investorLinkedEntityGathererChannel"/>
    <!--EntityAttributes End-->

    <!--5. Investor Desc Start-->
    <int:chain input-channel="processCoreInvestorLinkedEntityChannel"
               output-channel="investorLinkedEntityGathererChannel">
        <int:service-activator ref="dependentEntityService" method="handleInvestorDescCreateOrUpdate"/>
        <int:service-activator ref="orgAggregatorService" method="aggregateAndPublishSingleResponse"/>
    </int:chain>
    <!--Investor Desc End-->
    <!--Permission mapping start-->
    <int:header-value-router input-channel="processCoreInvestorLinkedEntityChannel" header-name="operation">
        <int:mapping value="create" channel="regionPermissionInvestorCreateChannel"/>
        <int:mapping value="update" channel="regionPermissionInvestorUpdateChannel"/>
    </int:header-value-router>
    <int:chain input-channel="regionPermissionInvestorCreateChannel" output-channel="investorLinkedEntityGathererChannel">
        <int:service-activator
                expression="@permRegionService.createPermissionGroupFromRegion(payload.getOrgEntity().getEntityId(), 'INVESTOR',payload.getInvestor().getRegion().getId(),payload.getUser())"/>
        <int:service-activator ref="orgAggregatorService" method="aggregateAndPublishSingleResponse"/>
    </int:chain>
    <int:chain input-channel="regionPermissionInvestorUpdateChannel" output-channel="investorLinkedEntityGathererChannel">
        <int:service-activator
                expression="@permRegionService.updatePermissionGroupFromRegion(payload.getOrgEntity().getEntityId(), 'INVESTOR',payload.getInvestor().getRegion().getId(),payload.getUser())"/>
        <int:service-activator ref="orgAggregatorService" method="aggregateAndPublishSingleResponse"/>
    </int:chain>
    <!--Permission mapping end-->
</beans>