<?xml version="1.0" encoding="UTF-8"?>
<beans xmlns="http://www.springframework.org/schema/beans"
       xmlns:xsi="http://www.w3.org/2001/XMLSchema-instance"
       xsi:schemaLocation="
            http://www.springframework.org/schema/beans https://www.springframework.org/schema/beans/spring-beans.xsd">
    <bean id="globalErrorHandler"
          class="com.bfm.aap.privatemarkets.crm.loader.integration.handler.GlobalErrorHandler"/>

    <!--User Beans-->
    <bean id="userCRMCoreService"
          class="com.bfm.aap.privatemarkets.crm.loader.integration.service.UserCRMCoreService"/>
    <bean id="userTransformer"
          class="com.bfm.aap.privatemarkets.crm.loader.mapper.UserTransformerImpl"/>
    <bean id="userAGUTransformer"
          class="com.bfm.aap.privatemarkets.crm.loader.integration.service.impl.UserAGUTransformerServiceImpl"/>
    <bean id="userCRMCoreServiceRouter"
          class="com.bfm.aap.privatemarkets.crm.loader.integration.router.UserCRMCoreServiceRouter"/>
    <bean id="userCRMCoreAGUService"
          class="com.bfm.aap.privatemarkets.crm.loader.integration.service.UserCRMCoreAGUService"/>  
    <!--Contact Beans-->
    <bean id="addressTransformer"
          class="com.bfm.aap.privatemarkets.crm.loader.mapper.AddressTransformerImpl"/>
    <bean id="addressInverseTransformer"
          class="com.bfm.aap.privatemarkets.crm.loader.mapper.AddressInverseTransformerImpl"/>
    <bean id="coreContactTransformer"
          class="com.bfm.aap.privatemarkets.crm.loader.integration.service.impl.CoreContactTransformerServiceImpl"/>
    <bean id="emailTransformer"
          class="com.bfm.aap.privatemarkets.crm.loader.mapper.EmailTransformerImpl"/>
    <bean id="emailInverseTransformer"
          class="com.bfm.aap.privatemarkets.crm.loader.mapper.EmailInverseTransformerImpl"/>
    <bean id="electronicAddressTransformer"
          class="com.bfm.aap.privatemarkets.crm.loader.mapper.ElectronicAddressTransformerImpl"/>
    <bean id="entityAttributeTransformer"
          class="com.bfm.aap.privatemarkets.crm.loader.mapper.EntityAttributeTransformerImpl"/>
    <bean id="contactTransformer" class="com.bfm.aap.privatemarkets.crm.loader.mapper.ContactTransformerImpl"/>
    <bean id="contactInverseTransformer"
          class="com.bfm.aap.privatemarkets.crm.loader.mapper.ContactInverseTransformerImpl"/>
    <bean id="contactCRMCoreService"
          class="com.bfm.aap.privatemarkets.crm.loader.integration.service.ContactCRMCoreService"/>
    <bean id="dependentEntityService"
          class="com.bfm.aap.privatemarkets.crm.loader.integration.service.DependentEntityService"/>
    <bean id="addressSplitter" class="com.bfm.aap.privatemarkets.crm.loader.integration.splitter.AddressSplitter"/>
    <bean id="emailSplitter" class="com.bfm.aap.privatemarkets.crm.loader.integration.splitter.EmailSplitter"/>
    <bean id="entityAttributeService"
          class="com.bfm.aap.privatemarkets.crm.loader.integration.service.EntityAttributeService"/>
    <bean id="contactAggregatorService"
          class="com.bfm.aap.privatemarkets.crm.loader.integration.aggregator.impl.ContactAggregatorServiceImpl"/>
    <!--Company Beans-->
    <bean id="aliasSplitter" class="com.bfm.aap.privatemarkets.crm.loader.integration.splitter.AliasSplitter"/>
    <bean id="companyCRMCoreService"
          class="com.bfm.aap.privatemarkets.crm.loader.integration.service.CompanyCRMCoreService"/>
    <bean id="coreCompanyTransformer"
          class="com.bfm.aap.privatemarkets.crm.loader.integration.service.impl.CoreCompanyTransformerServiceImpl"/>
    <bean id="orgAggregatorService"
          class="com.bfm.aap.privatemarkets.crm.loader.integration.aggregator.impl.OrgAggregatorServiceImpl"/>
    <bean id="entityTransformer"
          class="com.bfm.aap.privatemarkets.crm.loader.mapper.EntityTransformerImpl"/>
    <bean id="aliasTransformer"
          class="com.bfm.aap.privatemarkets.crm.loader.mapper.AliasTransformerImpl"/>
    <bean id="noteTransformer"
          class="com.bfm.aap.privatemarkets.crm.loader.mapper.NoteTransformerImpl"/>
    <!--Investor Beans-->
    <bean id="coreInvestorTransformer"
          class="com.bfm.aap.privatemarkets.crm.loader.integration.service.impl.CoreInvestorTransformerServiceImpl"/>
    <bean id="investorCRMCoreService"
          class="com.bfm.aap.privatemarkets.crm.loader.integration.service.InvestorCRMCoreService"/>
    <bean id="releaseStrategyService"
          class="com.bfm.aap.privatemarkets.crm.loader.integration.releasestrategy.ReleaseStrategyService"/>
    <bean id="relationshipTransformer"
          class="com.bfm.aap.privatemarkets.crm.loader.mapper.EntityRelationshipTransformerImpl"/>
    <bean id="employmentRelTransformer"
          class="com.bfm.aap.privatemarkets.crm.loader.mapper.EmploymentRelTransformerImpl"/>

    <!-- Beans for reverse flow -->
    <bean id="coreContactInverseTransformerServiceImpl"
          class="com.bfm.aap.privatemarkets.crm.loader.integration.service.impl.CoreContactInverseTransformerServiceImpl"/>
    <bean id="coreCompanyInverseTransformerServiceImpl"
          class="com.bfm.aap.privatemarkets.crm.loader.integration.service.impl.CoreCompanyInverseTransformerServiceImpl"/>
    <bean id="coreInvestorInverseTransformerServiceImpl"
          class="com.bfm.aap.privatemarkets.crm.loader.integration.service.impl.CoreInvestorInverseTransformerServiceImpl"/>
    <bean id="entityAttributeInverseService"
          class="com.bfm.aap.privatemarkets.crm.loader.integration.service.EntityAttributeInverseService"/>
    <bean id="addressInverseService"
          class="com.bfm.aap.privatemarkets.crm.loader.integration.service.AddressInverseService"/>
    <bean id="aliasInverseService"
          class="com.bfm.aap.privatemarkets.crm.loader.integration.service.AliasInverseService"/>
    <bean id="notesInverseService"
          class="com.bfm.aap.privatemarkets.crm.loader.integration.service.NotesInverseService"/>

    <bean id="datasourceConfig" class="com.bfm.aap.privatemarkets.dao.config.DatabaseConfiguration"/>

    <!--DecodeTableDesc Beans-->
    <bean id="decodeTableDescHelper"
          class="com.bfm.aap.privatemarkets.crm.loader.util.DecodeTableDescHelper"/>
    <bean id="dataDictionaryService"
          class="com.bfm.aap.privatemarkets.datadictionary.service.DataDictionaryServiceImpl"/>
    <bean id="cacheReader"
          class="com.bfm.aap.privatemarkets.datadictionary.cache.CacheManager"/>
    <bean id="cacheInitializer"
          class="com.bfm.aap.privatemarkets.datadictionary.cache.CacheInitializer"/>
    <bean id="dataDictionaryCache"
          class="com.bfm.aap.privatemarkets.datadictionary.cache.DataDictionaryCache"/>
    <bean id="secAttributeDefnDao"
          class="com.bfm.aap.privatemarkets.dao.SecAttributeDefnDaoImpl"/>
    <bean id="attributeReader"
          class="com.bfm.aap.privatemarkets.datadictionary.reader.AttributeReader"/>
    <!--Permission - Item restriction beans-->
    <bean id="permRegionService" class="com.bfm.aap.privatemarkets.crm.loader.integration.service.PermRegionService"/>
</beans>