<?xml version="1.0" encoding="UTF-8"?>
<beans xmlns="http://www.springframework.org/schema/beans"
       xmlns:xsi="http://www.w3.org/2001/XMLSchema-instance"
       xmlns:int="http://www.springframework.org/schema/integration"
       xsi:schemaLocation="
            http://www.springframework.org/schema/beans https://www.springframework.org/schema/beans/spring-beans.xsd
            http://www.springframework.org/schema/integration https://www.springframework.org/schema/integration/spring-integration.xsd">
    <import resource="classpath:integration/spring.xml"/>

    <int:channel id="userProcessInitChannel"/>
    <int:channel id="userProcessInitEMSChannel"/>
    <int:channel id="userProcessInitAGUChannel"/>
    <int:publish-subscribe-channel id="userProcessConfirmationChannel"/>
    <int:channel id="userDiscardedEMSChannel"/>
    <!--User CRM Integration-->
    <int:gateway id="userProcessingGateway"
                 service-interface="com.bfm.aap.privatemarkets.crm.loader.integration.gateway.UserProcessingGateway"
                 default-request-channel="userProcessInitChannel"
                 default-reply-channel="userProcessConfirmationChannel"
                 error-channel="errorChannel"/>
        
    <!--User CRM Router routing to either Integration with EMS or AGU channel-->         
    <int:router ref="userCRMCoreServiceRouter" input-channel="userProcessInitChannel"
            default-output-channel="userProcessInitEMSChannel"/>
    
    <!--User CRM Integration with EMS-->
    <int:chain input-channel="userProcessInitEMSChannel" output-channel="userProcessConfirmationChannel">
        <int:transformer ref="userTransformer"/>
        <int:service-activator ref="userCRMCoreService" method="searchContactByEmail"/>
        <int:service-activator ref="userCRMCoreService" method="findCrmEntityId"/>
        <int:filter discard-channel="userDiscardedEMSChannel"
                    expression="payload.getCrmEntityId() le 0 and payload.getRetreivedCRMEntityId() gt 0 "/>
        <int:service-activator ref="userCRMCoreService" method="createThirdPartyMapping"/>
    </int:chain>
    
    <!--User CRM Integration with Aladdin Graph Users AGU-->
    <int:chain input-channel="userProcessInitAGUChannel" output-channel="userProcessConfirmationChannel">
        <int:transformer ref="userAGUTransformer"/>
        <int:service-activator ref="userCRMCoreAGUService" method="mapUserByEmail"/>
        <int:service-activator ref="userCRMCoreAGUService" method="createUserMappingWithIQID"/>
    </int:chain>

    <int:service-activator input-channel="userDiscardedEMSChannel" ref="userCRMCoreService" method="discardingUser"
                           output-channel="userProcessConfirmationChannel"/>
</beans>