{
    "clientProperties": {
        "clientAbbrev": "EFRONT",
        "allowedActionModes": "portfolio",
        "externEntitiesMultiple": "MNGR",
        "portGroupsMultiple": "PORT_GRP",
        "fieldGroups": {
            "core_portfolio_info": [
                "portfolio_name",
                "start_date",
                "aladdin_full_name",
                "legal_name",
                "portfolio_type",
                "portfolio_currency",
                "pos_status",
                "mandate"
            ]
        },
        "allowedActionTypes": {
            "portfolio": "create,modify"
        }
    },
    "portfolio": {
        "create": {
            "validations": [
                {
                    "fieldName": "portfolio_name",
                    "requiredLogic": {
                        "logicType": "logic_default",
                        "value": "true"
                    },
                    "allowedFormat": "^[0-9A-Z_-]{1,10}$",
                    "formatDescription": "<portfolio_name> should not exceed 10 characters and should not contain any non-alphanumeric characters except _ and - (underscore and hyphen)",
                    "validationCheck": {
                        "conditionString": "1",
                        "expressions": [{
                            "id": "1",
                            "leftOperand": {
                                "logicType": "logic_sql",
                                "sql": {
                                    "query": "select count(*) from #portfolios# where portfolio_name = ?",
                                    "params": [{
                                        "logicType": "client_feed",
                                        "xmlRef": "portfolio_name"
                                    }]
                                }
                            },
                            "operatorType": "binary",
                            "operator": "equals",
                            "rightOperand": {
                                "logicType": "logic_default",
                                "value": "0"
                            }
                        }]
                    },
                    "errorDescription": "<portfolio_name> already exists in Aladdin. It should be unique"
                },
                {
                    "fieldName": "port_group",
                    "hasMultipleValues": true,
                    "dropdown": "PORT_GRP",
                    "associatedFields": [{
                        "fieldName": "PORT_GRP",
                        "acceptMultiple": true,
                        "requiredFields": [
                            "port_group_name"
                        ]
                    }],
                    "innerValidations": [{
                            "fieldName": "port_group_type",
                            "validationCheck": {
                                "conditionString": "1",
                                "expressions": [{
                                    "id": "1",
                                    "leftOperand": {
                                        "logicType": "switch_condition",
                                        "switchExpression": {
                                            "logicType": "client_feed",
                                            "xmlRef": "port_group_type"
                                        },
                                        "caseArray": [{
                                                "caseValue": {
                                                    "logicType": "logic_default",
                                                    "value": "PORT_GRP"
                                                },
                                                "returnValue": {
                                                    "logicType": "logic_default",
                                                    "value": "true"
                                                }
                                            },
                                            {
                                                "returnValue": {
                                                    "logicType": "logic_default",
                                                    "value": "false"
                                                }
                                            }
                                        ]
                                    },
                                    "operatorType": "binary",
                                    "operator": "equals",
                                    "rightOperand": {
                                        "logicType": "logic_default",
                                        "value": "true"
                                    }
                                }]
                            },
                            "errorDescription": "<port_group_type> value must be in ('PORT_GRP')"
                        },
                        {
                            "fieldName": "port_group_name",
                            "validationCheck": {
                                "conditionString": "1 ",
                                "expressions": [{
                                    "id": "1",
                                    "leftOperand": {
                                        "logicType": "logic_sql",
                                        "sql": {
                                            "query": "select count(*) from #portfolios# where portfolio_name = ?",
                                            "params": [{
                                                "logicType": "logic_default",
                                                "value": "PUT-PORTFOLIO-GROUP-NAME-HERE" <!-- Put the Port Group Name here - This will come from ACS -->
                                            }]
                                        }
                                    },
                                    "operatorType": "binary",
                                    "operator": "greaterThan",
                                    "rightOperand": {
                                        "logicType": "logic_default",
                                        "value": "0"
                                    }
                                }]
                            },
                            "errorDescription": "<port_group_name> value does not exist"
                        }
                    ]
                },
                {
                    "fieldName": "aladdin_full_name",
                    "requiredLogic": {
                        "logicType": "logic_default",
                        "value": "true"
                    },
                    "allowedFormat": "^.{1,75}$",
                    "formatDescription": "<aladdin_full_name> should not exceed 75 characters"
                },
                {
                    "fieldName": "portfolio_type",
                    "decode": "ADAM_PORTS",
                    "validationCheck": {
                        "conditionString": "1",
                        "expressions": [{
                            "id": "1",
                            "leftOperand": {
                                "logicType": "logic_sql",
                                "sql": {
                                    "query": "select count(*) from #decodes# where tbl_desc = 'ADAM_PORTS' and  (decde =? or cde= ?)",
                                    "params": [{
                                            "logicType": "client_feed",
                                            "xmlRef": "portfolio_type"
                                        },
                                        {
                                            "logicType": "client_feed",
                                            "xmlRef": "portfolio_type"
                                        }
                                    ]
                                }
                            },
                            "operatorType": "binary",
                            "operator": "equals",
                            "rightOperand": {
                                "logicType": "logic_default",
                                "value": "1"
                            }
                        }]
                    },
                    "errorDescription": "<portfolio_type> does not exist in Aladdin"
                },
                {
                    "fieldName": "mandate",
                    "validationCheck": {
                        "conditionString": "1",
                        "expressions": [
                            {
                                "id": "1",
                                "leftOperand": {
                                    "logicType": "logic_sql",
                                    "sql": {
                                        "query": "select count(*) from #decodes# where tbl_desc = 'MANDATE_MAP'  and cde = ?",
                                        "params": [
                                            {
                                                "logicType": "client_feed",
                                                "xmlRef": "mandate"
                                            }
                                        ]
                                    }
                                },
                                "operatorType": "binary",
                                "operator": "greaterThan",
                                "rightOperand": {
                                    "logicType": "logic_default",
                                    "value": "0"
                                }
                            }
                        ]
                    },
                    "errorDescription": "<mandate> value does not exist in Aladdin"
                },
                {
                    "fieldName": "start_date",
                    "requiredLogic": {
                        "logicType": "logic_default",
                        "value": "true"
                    },
                    "allowedFormat": "^\\d{1,2}\\/\\d{1,2}\\/\\d{4}$",
                    "formatDescription": "<start_date> should be in the format MM/dd/yyyy",
                    "checkValidDate": true
                },
                {
                    "fieldName": "portfolio_currency",
                    "decode": "B_CURRENCY",
                    "requiredLogic": {
                        "logicType": "logic_default",
                        "value": "true"
                    },
                    "validationCheck": {
                        "conditionString": "1",
                        "expressions": [{
                            "id": "1",
                            "leftOperand": {
                                "logicType": "logic_sql",
                                "sql": {
                                    "query": "select count(*) from #decodes# where tbl_desc = 'B_CURRENCY' and (decde =? or cde= ?)",
                                    "params": [{
                                            "logicType": "client_feed",
                                            "xmlRef": "portfolio_currency"
                                        },
                                        {
                                            "logicType": "client_feed",
                                            "xmlRef": "portfolio_currency"
                                        }
                                    ]
                                }
                            },
                            "operatorType": "binary",
                            "operator": "equals",
                            "rightOperand": {
                                "logicType": "logic_default",
                                "value": "1"
                            }
                        }]
                    },
                    "errorDescription": "<portfolio_currency> value is not a valid currency"
                },
                {
                    "fieldName": "legal_name",
                    "allowedFormat": "^.{1,255}$",
                    "formatDescription": "<legal_name> should not exceed 255 characters"
                },
                {
                    "fieldName": "pos_status",
                    "decode": "POS_TABLE",
                    "validationCheck": {
                        "conditionString": "1",
                        "expressions": [{
                            "id": "1",
                            "leftOperand": {
                                "logicType": "logic_sql",
                                "sql": {
                                    "query": "select count(*) from #decodes# where tbl_desc = 'POS_TABLE' and (decde =? or cde=?)",
                                    "params": [{
                                            "logicType": "client_feed",
                                            "xmlRef": "pos_status"
                                        },
                                        {
                                            "logicType": "client_feed",
                                            "xmlRef": "pos_status"
                                        }
                                    ]
                                }
                            },
                            "operatorType": "binary",
                            "operator": "greaterThan",
                            "rightOperand": {
                                "logicType": "logic_default",
                                "value": "0"
                            }
                        }]
                    },
                    "errorDescription": "<pos_status> value is not a valid currency"
                },
                {
                    "fieldName": "extern_entity",
                    "hasMultipleValues": true,
                    "dropdown": "[CUST] Custodian,[EPRT] Efolio,[MNGR] Manager",
                    "associatedFields": [{
                            "fieldName": "CUST",
                            "requiredFields": [
                                "extern_entity_name",
                                "extern_entity_account"
                            ]
                        },
                        {
                            "fieldName": "MNGR",
                            "requiredFields": [
                                "extern_entity_name",
                                "extern_entity_account"
                            ]
                        },
                        {
                            "fieldName": "EPRT",
                            "acceptMultiple": true,
                            "requiredFields": [
                                "extern_entity_name",
                                "extern_entity_account"
                            ]
                        }
                    ],
                    "innerValidations": [{
                            "fieldName": "extern_entity_type",
                            "decode": "EXTENT_TYPES",
                            "requiredLogic": {
                                "logicType": "logic_default",
                                "value": "true"
                            },
                            "validationCheck": {
                                "conditionString": "1",
                                "expressions": [{
                                    "id": "1",
                                    "leftOperand": {
                                        "logicType": "switch_condition",
                                        "switchExpression": {
                                            "logicType": "client_feed",
                                            "xmlRef": "extern_entity_type"
                                        },
                                        "caseArray": [{
                                                "caseValue": {
                                                    "logicType": "logic_default",
                                                    "value": "CUST"
                                                },
                                                "returnValue": {
                                                    "logicType": "logic_default",
                                                    "value": "true"
                                                }
                                            },
                                            {
                                                "caseValue": {
                                                    "logicType": "logic_default",
                                                    "value": "EPRT"
                                                },
                                                "returnValue": {
                                                    "logicType": "logic_default",
                                                    "value": "true"
                                                }
                                            },
                                            {
                                                "caseValue": {
                                                    "logicType": "logic_default",
                                                    "value": "MNGR"
                                                },
                                                "returnValue": {
                                                    "logicType": "logic_default",
                                                    "value": "true"
                                                }
                                            },
                                            {
                                                "returnValue": {
                                                    "logicType": "logic_default",
                                                    "value": "false"
                                                }
                                            }
                                        ]
                                    },
                                    "operatorType": "binary",
                                    "operator": "equals",
                                    "rightOperand": {
                                        "logicType": "logic_default",
                                        "value": "true"
                                    }
                                }]
                            },
                            "errorDescription": "<extern_entity_type> value must be in ('CUST','EPRT','MNGR')"
                        },
                        {
                            "fieldName": "extern_entity_account",
                            "requiredLogic": {
                                "logicType": "logic_default",
                                "value": "true"
                            }
                        },
                        {
                            "fieldName": "extern_entity_name",
                            "validationCheck": {
                                "conditionString": "1",
                                "expressions": [{
                                    "id": "1",
                                    "leftOperand": {
                                        "logicType": "switch_condition",
                                        "switchExpression": {
                                            "logicType": "client_feed",
                                            "xmlRef": "extern_entity_type"
                                        },
                                        "caseArray": [{
                                                "caseValue": {
                                                    "logicType": "logic_default",
                                                    "value": "CUST"
                                                },
                                                "returnValue": {
                                                    "logicType": "logic_sql",
                                                    "sql": {
                                                        "query": "select count(*) from #acct_info# where (full_name = ? or shortname = ?)  and acct_type in ('C')",
                                                        "params": [{
                                                                "logicType": "client_feed",
                                                                "xmlRef": "extern_entity_name"
                                                            },
                                                            {
                                                                "logicType": "client_feed",
                                                                "xmlRef": "extern_entity_name"
                                                            }
                                                        ]
                                                    }
                                                }
                                            },
                                            {
                                                "caseValue": {
                                                    "logicType": "logic_default",
                                                    "value": "EPRT"
                                                },
                                                "returnValue": {
                                                    "logicType": "logic_sql",
                                                    "sql": {
                                                        "query": "select count(*) from #acct_info# where (full_name = ? or shortname = ?) and acct_type in ('U')",
                                                        "params": [{
                                                                "logicType": "client_feed",
                                                                "xmlRef": "extern_entity_name"
                                                            },
                                                            {
                                                                "logicType": "client_feed",
                                                                "xmlRef": "extern_entity_name"
                                                            }
                                                        ]
                                                    }
                                                }
                                            },
                                            {
                                                "caseValue": {
                                                    "logicType": "logic_default",
                                                    "value": "MNGR"
                                                },
                                                "returnValue": {
                                                    "logicType": "logic_sql",
                                                    "sql": {
                                                        "query": "select count(*) from #acct_info# where (full_name = ? or shortname = ?) and acct_type in ('M')",
                                                        "params": [{
                                                                "logicType": "client_feed",
                                                                "xmlRef": "extern_entity_name"
                                                            },
                                                            {
                                                                "logicType": "client_feed",
                                                                "xmlRef": "extern_entity_name"
                                                            }
                                                        ]
                                                    }
                                                }
                                            },
                                            {
                                                "returnValue": {
                                                    "logicType": "logic_default",
                                                    "value": "1"
                                                }
                                            }
                                        ]
                                    },
                                    "operatorType": "binary",
                                    "operator": "greaterThan",
                                    "rightOperand": {
                                        "logicType": "logic_default",
                                        "value": "0"
                                    }
                                }]
                            },
                            "errorDescription": "<extern_entity_name> value does not exist in Aladdin"
                        }
                    ]
                }
            ],
            "data": [
                {
                    "tableName": "client_id_xref",
                    "dataRows": [
                        {
                            "dataRow": [
                                {
                                    "columnName": "realm",
                                    "logicType": "logic_default",
                                    "value": "PORTFOLIO"
                                },
                                {
                                    "columnName": "acct_code",
                                    "logicType": "logic_default",
                                    "value": "9999999999999999" <!-- Put the client code here from the acct_info table -->
                                 },
                                {
                                    "columnName": "client_code",
                                    "logicType": "client_feed",
                                    "xmlRef": "portfolio_name"
                                },
                                {
                                    "columnName": "common_code",
                                    "logicType": "logic_default",
                                    "value": "(null)"
                                },
                                {
                                    "columnName": "aladdin_code",
                                    "logicType": "client_feed",
                                    "xmlRef": "portfolio_name"
                                }
                            ]
                        }
                    ]
                }
            ],
            "api_data": [
                {
                    "attributeName": "portfolioTicker",
                    "dataType": "String",
                    "logicType": "client_feed",
                    "xmlRef": "portfolio_name"
                },
                {
                    "attributeName": "portfolioName",
                    "logicType": "client_feed",
                    "xmlRef": "aladdin_full_name"
                },
                {
                    "attributeName": "legalName",
                    "logicType": "client_feed",
                    "xmlRef": "aladdin_full_name"
                },
                {
                    "attributeName": "startDate",
                    "dataType": "BFMDate",
                    "logicType": "client_feed",
                    "xmlRef": "start_date"
                },
                {
                    "attributeName": "portfolioRecordDate",
                    "dataType": "BFMDate",
                    "logicType": "logic_date",
                    "date": {
                        "logicType": "logic_default",
                        "value": "today"
                    }
                },
                {
                    "attributeName": "fundingDate",
                    "dataType": "BFMDate",
                    "logicType": "client_feed",
                    "xmlRef": "start_date"
                },
                {
                    "attributeName": "portfolioType",
                    "logicType": "client_feed",
                    "xmlRef": "portfolio_type"
                },
                {
                    "attributeName": "closingDate",
                    "dataType": "BFMDate",
                    "logicType": "client_feed",
                    "xmlRef": "start_date"
                },
                {
                    "attributeName": "firstPositionDate",
                    "dataType": "BFMDate",
                    "logicType": "client_feed",
                    "xmlRef": "inception_date"
                },
                {
                    "attributeName": "performanceDate",
                    "dataType": "BFMDate",
                    "logicType": "client_feed",
                    "xmlRef": "start_date"
                },
                {
                    "attributeName": "tradingDate",
                    "dataType": "BFMDate",
                    "logicType": "client_feed",
                    "xmlRef": "start_date"
                },
                {
                    "attributeName": "inceptionDate",
                    "dataType": "BFMDate",
                    "logicType": "client_feed",
                    "xmlRef": "inception_date"
                },
                {
                    "attributeName": "clientCode",
                    "dataType": "Integer",
                    "logicType": "logic_sql",
                    "sql": {
                        "query": "select top 1 client_code from #assignments# where client_code in (select client_code from #clients# where client_name like 'TEST%') group by client_code order by count(assign_code) DESC"
                    }
                },
                {
                    "attributeName": "portfolioGroup",
                    "dataType": "jsonelement",
                    "logicType": "logic_list",
                    "listData": [{
                            "logicType": "logic_map",
                            "dataType": "jsonelement",
                            "mapData": [{
                                "mapKey": {
                                    "logicType": "logic_default",
                                    "value": "portfolioGroup"
                                },
                                "mapValue": {
                                    "logicType": "client_feed",
                                    "xmlRef": "portfolio_name"
                                }
                            }]
                        },
                        {
                            "xmlOuterRef": "port_group",
                            "logicType": "logic_map",
                            "dataType": "jsonelement",
                            "mapData": [{
                                "mapKey": {
                                    "logicType": "logic_default",
                                    "value": "portfolioGroup"
                                },
                                "mapValue": {
                                    "logicType": "logic_default",
                                    "value": "PUT-PORTFOLIO-GROUP-NAME-HERE" <!-- Put the Port Group Name here - This will come from ACS -->
                                }
                            }]
                        }
                    ]
                },
                {
                    "attributeName": "positionTable",
                    "logicType": "client_feed",
                    "xmlRef": "pos_status"
                },
                {
                    "attributeName": "mandate",
                    "logicType": "client_feed",
                    "xmlRef": "mandate"
                },
                {
                    "attributeName": "portfolioOperations",
                    "dataType": "jsonelement",
                    "logicType": "logic_map",
                    "mapData": [{
                            "mapKey": {
                                "logicType": "logic_default",
                                "value": "initialSetupComplete"
                            },
                            "mapValue": {
                                "logicType": "logic_default",
                                "value": "Y"
                            }
                        },
                        {
                            "mapKey": {
                                "logicType": "logic_default",
                                "value": "generateCusip"
                            },
                            "mapValue": {
                                "logicType": "logic_default",
                                "value": "Y"
                            }
                        },
                        {
                            "mapKey": {
                                "logicType": "logic_default",
                                "value": "hasInternalSecurity"
                            },
                            "mapValue": {
                                "logicType": "logic_map",
                                "mapData": [{
                                        "mapKey": {
                                            "logicType": "logic_default",
                                            "value": "exists"
                                        },
                                        "mapValue": {
                                            "logicType": "logic_default",
                                            "value": "Y"
                                        }
                                    },
                                    {
                                        "mapKey": {
                                            "logicType": "logic_default",
                                            "value": "secType"
                                        },
                                        "mapValue": {
                                            "logicType": "logic_default",
                                            "value": "FUND"
                                        }
                                    },
                                    {
                                        "mapKey": {
                                            "logicType": "logic_default",
                                            "value": "secGroupType"
                                        },
                                        "mapValue": {
                                            "logicType": "logic_default",
                                            "value": "PORT"
                                        }
                                    },
                                    {
                                        "mapKey": {
                                            "logicType": "logic_default",
                                            "value": "secDesc1"
                                        },
                                        "mapValue": {
                                            "logicType": "client_feed",
                                            "xmlRef": "portfolio_name"
                                        }
                                    }
                                ]
                            }
                        }
                    ]
                },
                {
                    "attributeName": "externalEntity",
                    "externEntitiesMultiple": "MNGR",
                    "dataType": "jsonelement",
                    "logicType": "logic_list",
                    "listData": [
                        {
                            "xmlOuterRef": "extern_entity",
                            "logicType": "logic_map",
                            "dataType": "jsonelement",
                            "mapData": [{
                                    "mapKey": {
                                        "logicType": "logic_default",
                                        "value": "externEntity"
                                    },
                                    "mapValue": {
                                        "dataType": "Integer",
                                        "logicType": "switch_condition",
                                        "switchExpression": {
                                            "logicType": "client_feed",
                                            "xmlRef": "extern_entity_type"
                                        },
                                        "caseArray": [{
                                                "caseValue": {
                                                    "logicType": "logic_default",
                                                    "value": "MNGR"
                                                },
                                                "returnValue": {
                                                    "logicType": "logic_sql",
                                                    "sql": {
                                                        "query": "select  top 1 acct_code from #acct_info# where (full_name = ? or shortname = ?) and acct_type in ('M')",
                                                        "params": [{
                                                                "logicType": "client_feed",
                                                                "xmlRef": "extern_entity_name"
                                                            },
                                                            {
                                                                "logicType": "client_feed",
                                                                "xmlRef": "extern_entity_name"
                                                            }
                                                        ]
                                                    }
                                                }
                                            },
                                            {
                                                "caseValue": {
                                                    "logicType": "logic_default",
                                                    "value": "EPRT"
                                                },
                                                "returnValue": {
                                                    "logicType": "logic_sql",
                                                    "sql": {
                                                        "query": "select  top 1 acct_code from #acct_info# where (full_name = ? or shortname = ?) and acct_type in ('U')",
                                                        "params": [{
                                                                "logicType": "client_feed",
                                                                "xmlRef": "extern_entity_name"
                                                            },
                                                            {
                                                                "logicType": "client_feed",
                                                                "xmlRef": "extern_entity_name"
                                                            }
                                                        ]
                                                    }
                                                }
                                            }
                                        ]
                                    }
                                },
                                {
                                    "mapKey": {
                                        "logicType": "logic_default",
                                        "value": "externEntityType"
                                    },
                                    "mapValue": {
                                        "logicType": "client_feed",
                                        "xmlRef": "extern_entity_type"
                                    }
                                },
                                {
                                    "mapKey": {
                                        "logicType": "logic_default",
                                        "value": "externAcct"
                                    },
                                    "mapValue": {
                                        "logicType": "client_feed",
                                        "xmlRef": "extern_entity_account"
                                    }
                                },
                                {
                                    "mapKey": {
                                        "logicType": "logic_default",
                                        "value": "contact1"
                                    },
                                    "mapValue": {
                                        "logicType": "logic_default",
                                        "dataType": "Integer",
                                        "value": "0"
                                    }
                                },
                                {
                                    "mapKey": {
                                        "logicType": "logic_default",
                                        "value": "srManager"
                                    },
                                    "mapValue": {
                                        "logicType": "logic_default",
                                        "dataType": "Integer",
                                        "value": "0"
                                    }
                                },
                                {
                                    "mapKey": {
                                        "logicType": "logic_default",
                                        "value": "manager"
                                    },
                                    "mapValue": {
                                        "logicType": "logic_default",
                                        "dataType": "Integer",
                                        "value": "0"
                                    }
                                },
                                {
                                    "mapKey": {
                                        "logicType": "logic_default",
                                        "value": "contact2"
                                    },
                                    "mapValue": {
                                        "logicType": "logic_default",
                                        "dataType": "Integer",
                                        "value": "0"
                                    }
                                }
                            ]
                        }
                    ]
                },
                {
                    "attributeName": "mandate",
                    "logicType": "client_feed",
                    "xmlRef": "mandate"
                },
                {
                    "attributeName": "currency",
                    "logicType": "logic_sql",
                    "sql": {
                        "query": "select cde from #decodes# where tbl_desc='B_CURRENCY' and (decde= ? or cde = ?)",
                        "params": [{
                                "logicType": "client_feed",
                                "xmlRef": "portfolio_currency"
                            },
                            {
                                "logicType": "client_feed",
                                "xmlRef": "portfolio_currency"
                            }
                        ]
                    }
                }
            ]
        },
        "modify": {
            "validations": [
                {
                    "fieldName": "aladdin_full_name",
                    "allowedFormat": "^.{1,75}$",
                    "formatDescription": "<aladdin_full_name> should not exceed 75 characters"
                },
                {
                    "fieldName": "port_group",
                    "hasMultipleValues": true,
                    "dropdown": "PORT_GRP",
                    "associatedFields": [
                        {
                            "fieldName": "PORT_GRP",
                            "acceptMultiple": true,
                            "requiredFields": [
                                "port_group_name"
                            ]
                        }
                    ],
                    "innerValidations": [
                        {
                            "fieldName": "port_group_type",
                            "validationCheck": {
                                "conditionString": "1",
                                "expressions": [
                                    {
                                        "id": "1",
                                        "leftOperand": {
                                            "logicType": "switch_condition",
                                            "switchExpression": {
                                                "logicType": "client_feed",
                                                "xmlRef": "port_group_type"
                                            },
                                            "caseArray": [
                                                {
                                                    "caseValue": {
                                                        "logicType": "logic_default",
                                                        "value": "PORT_GRP"
                                                    },
                                                    "returnValue": {
                                                        "logicType": "logic_default",
                                                        "value": "true"
                                                    }
                                                },
                                                {
                                                    "returnValue": {
                                                        "logicType": "logic_default",
                                                        "value": "false"
                                                    }
                                                }
                                            ]
                                        },
                                        "operatorType": "binary",
                                        "operator": "equals",
                                        "rightOperand": {
                                            "logicType": "logic_default",
                                            "value": "true"
                                        }
                                    }
                                ]
                            },
                            "errorDescription": "<port_group_type> value must be in ('PORT_GRP')"
                        },
                        {
                            "fieldName": "port_group_name",
                            "validationCheck": {
                                "conditionString": "1 ",
                                "expressions": [{
                                    "id": "1",
                                    "leftOperand": {
                                        "logicType": "logic_sql",
                                        "sql": {
                                            "query": "select count(*) from #portfolios# where portfolio_name = ?",
                                            "params": [{
                                                "logicType": "logic_default",
                                                "value": "PUT-PORTFOLIO-GROUP-NAME-HERE" <!-- Put the Port Group Name here - This will come from ACS -->
                                            }]
                                        }
                                    },
                                    "operatorType": "binary",
                                    "operator": "greaterThan",
                                    "rightOperand": {
                                        "logicType": "logic_default",
                                        "value": "0"
                                    }
                                }]
                            },
                            "errorDescription": "<port_group_name> value does not exist"
                        }
                    ]
                },
                {
                    "fieldName": "portfolio_type",
                    "decode": "ADAM_PORTS",
                    "validationCheck": {
                        "conditionString": "1",
                        "expressions": [
                            {
                                "id": "1",
                                "leftOperand": {
                                    "logicType": "logic_sql",
                                    "sql": {
                                        "query": "select count(*) from #decodes# where tbl_desc = 'ADAM_PORTS' and  (decde =? or cde= ?)",
                                        "params": [
                                            {
                                                "logicType": "client_feed",
                                                "xmlRef": "portfolio_type"
                                            },
                                            {
                                                "logicType": "client_feed",
                                                "xmlRef": "portfolio_type"
                                            }
                                        ]
                                    }
                                },
                                "operatorType": "binary",
                                "operator": "equals",
                                "rightOperand": {
                                    "logicType": "logic_default",
                                    "value": "1"
                                }
                            }
                        ]
                    },
                    "errorDescription": "<portfolio_type> does not exist in Aladdin"
                },
                {
                    "fieldName": "portfolio_currency",
                    "decode": "B_CURRENCY",
                    "validationCheck": {
                        "conditionString": "1",
                        "expressions": [
                            {
                                "id": "1",
                                "leftOperand": {
                                    "logicType": "logic_sql",
                                    "sql": {
                                        "query": "select count(*) from #decodes# where tbl_desc = 'B_CURRENCY' and (decde =? or cde= ?)",
                                        "params": [
                                            {
                                                "logicType": "client_feed",
                                                "xmlRef": "portfolio_currency"
                                            },
                                            {
                                                "logicType": "client_feed",
                                                "xmlRef": "portfolio_currency"
                                            }
                                        ]
                                    }
                                },
                                "operatorType": "binary",
                                "operator": "equals",
                                "rightOperand": {
                                    "logicType": "logic_default",
                                    "value": "1"
                                }
                            }
                        ]
                    },
                    "errorDescription": "<portfolio_currency> value is not a valid currency"
                }
            ],
            "api_data": [
                {
                    "fieldName": "aladdin_full_name",
                    "modifyAttributes": [
                        {
                            "attributeName": "portfolioName",
                            "logicType": "client_feed",
                            "xmlRef": "aladdin_full_name"
                        }
                    ]
                },
                {
                    "fieldName": "portfolio_currency",
                    "modifyAttributes": [
                        {
                            "attributeName": "currency",
                            "logicType": "client_feed",
                            "xmlRef": "portfolio_currency"
                        }
                    ]
                },
                {
                    "fieldName": "portfolio_type",
                    "modifyAttributes": [
                        {
                            "attributeName": "portfolioType",
                            "logicType": "client_feed",
                            "xmlRef": "portfolio_type"
                        }
                    ]
                },
                {
                    "fieldName": "pos_status",
                    "modifyAttributes": [
                        {
                            "attributeName": "positionTable",
                            "logicType": "client_feed",
                            "xmlRef": "pos_status"
                        }
                    ]
                },
                {
                    "fieldName": "port_group",
                    "modifyAttributes": [
                        {
                            "attributeName": "portfolioGroup",
                            "dataType": "jsonelement",
                            "logicType": "logic_list",
                            "listData": [
                                {
                                    "logicType": "logic_map",
                                    "dataType": "jsonelement",
                                    "mapData": [
                                        {
                                            "mapKey": {
                                                "logicType": "logic_default",
                                                "value": "portfolioGroup"
                                            },
                                            "mapValue": {
                                                "logicType": "client_feed",
                                                "xmlRef": "port_group_name"
                                            }
                                        },
                                        {
                                            "mapKey": {
                                                "logicType": "logic_default",
                                                "value": "operation"
                                            },
                                            "mapValue": {
                                                "logicType": "if_else_condition",
                                                "conditionArray": [
                                                    {
                                                        "conditionType": "if",
                                                        "condition": {
                                                            "conditionString": "1",
                                                            "expressions": [
                                                                {
                                                                    "id": "1",
                                                                    "leftOperand": {
                                                                        "logicType": "client_feed",
                                                                        "xmlRef": "modify_type"
                                                                    },
                                                                    "operatorType": "binary",
                                                                    "operator": "equals",
                                                                    "rightOperand": {
                                                                        "logicType": "logic_default",
                                                                        "value": "add"
                                                                    }
                                                                }
                                                            ]
                                                        },
                                                        "returnValue": {
                                                            "logicType": "logic_default",
                                                            "value": "(null)"
                                                        }
                                                    },
                                                    {
                                                        "conditionType": "else",
                                                        "returnValue": {
                                                            "logicType": "logic_default",
                                                            "value": "remove"
                                                        }
                                                    }
                                                ]
                                            }
                                        }
                                    ]
                                }
                            ]
                        }
                    ]
                }
            ]
        }
    }
}