<?xml version="1.0" encoding="UTF-8"?>
<!DOCTYPE log4j:configuration SYSTEM "log4j.dtd">

<log4j:configuration>

    <appender name="aladdinAppender" class="com.bfm.util.AladdinLog4JAppender">
        <param name="Threshold" value="INFO"/>
        <layout class="org.apache.log4j.PatternLayout">
            <param name="ConversionPattern" value="%-5p %d{yyyy-MM-dd HH:mm:ss.SSS} [%t] %c %x - %m%n"/>
        </layout>
    </appender>

    <appender name="aladdinAppenderCustom" class="com.bfm.util.AladdinLog4JAppender">
        <param name="Threshold" value="INFO"/>
        <layout class="org.apache.log4j.PatternLayout">
            <param name="ConversionPattern" value="%-5p %d{yyyy-MM-dd HH:mm:ss.SSS} [%t] %c %X{customLogMap} - %m%n"/>
        </layout>
    </appender>

    <logger name="com.bfm">
        <level value="INFO" />
    </logger>

    <logger name="com.bfm.aap.pmdx" additivity="false">
        <level value="INFO" />
        <appender-ref ref="aladdinAppenderCustom" />
    </logger>

    <logger name="org.springframework">
        <level value="INFO" />
    </logger>

    <logger name="com.bfm.beam.BeamBmsConnection">
        <level value="WARN" />
    </logger>

    <logger name="com.mchange">
        <level value="INFO" />
    </logger>

    <root>
        <priority value="INFO" />
        <appender-ref ref="aladdinAppender" />
    </root>

</log4j:configuration>