<?xml version="1.0" encoding="UTF-8"?>
<beans xmlns="http://www.springframework.org/schema/beans"
       xmlns:xsi="http://www.w3.org/2001/XMLSchema-instance"
       xsi:schemaLocation="
            http://www.springframework.org/schema/beans https://www.springframework.org/schema/beans/spring-beans.xsd">
    <import resource="classpath:integration/common-integration-config.xml"/>
    <import resource="classpath:integration/user-integration-config.xml"/>
    <import resource="classpath:integration/contact-integration-config.xml"/>
    <import resource="classpath:integration/company-integration-config.xml"/>
    <import resource="classpath:integration/investor-integration-config.xml"/>
    <import resource="classpath:integration/contact-inverse-integration-config.xml"/>
    <import resource="classpath:integration/company-inverse-integration-config.xml"/>
    <import resource="classpath:integration/investor-inverse-integration-config.xml"/>
</beans>